<?xml version="1.0" encoding="utf-8"?>
<xd:acceleratorMap xmlns:xd="http://www.xilinx.com/xidane" xd:functionName="Pool" xd:componentRef="Pool" xd:initiationInterval="x" xd:clockPeriod="10.000" xd:sequential="true" xd:hostMachine="64" xd:reset="control">
  <xd:controlReg xd:name="control" xd:interfaceRef="s_axi_AXILiteS" xd:busTypeRef="axilite" xd:type="generic_axi_lite" xd:offset="0x0"/>
  <xd:arg xd:name="*(feature_in)" xd:originalName="feature_in" xd:direction="inout" xd:interfaceRef="m_axi_gmem" xd:busTypeRef="aximm" xd:dataPack="true" xd:bitMapping="31:0" xd:dataWidth="32" xd:bufferDirection="in"/>
  <xd:arg xd:name="*(feature_out)" xd:originalName="feature_out" xd:direction="inout" xd:interfaceRef="m_axi_gmem" xd:busTypeRef="aximm" xd:dataPack="true" xd:bitMapping="31:0" xd:dataWidth="32" xd:bufferDirection="out"/>
  <xd:arg xd:name="CHin" xd:originalName="CHin" xd:direction="in" xd:interfaceRef="s_axi_AXILiteS" xd:busTypeRef="axilite" xd:offset="0x10" xd:handshakeRef="ap_none" xd:dataWidth="16"/>
  <xd:arg xd:name="Hin" xd:originalName="Hin" xd:direction="in" xd:interfaceRef="s_axi_AXILiteS" xd:busTypeRef="axilite" xd:offset="0x18" xd:handshakeRef="ap_none" xd:dataWidth="16"/>
  <xd:arg xd:name="Win" xd:originalName="Win" xd:direction="in" xd:interfaceRef="s_axi_AXILiteS" xd:busTypeRef="axilite" xd:offset="0x20" xd:handshakeRef="ap_none" xd:dataWidth="16"/>
  <xd:arg xd:name="Kx" xd:originalName="Kx" xd:direction="in" xd:interfaceRef="s_axi_AXILiteS" xd:busTypeRef="axilite" xd:offset="0x28" xd:handshakeRef="ap_none" xd:dataWidth="8"/>
  <xd:arg xd:name="Ky" xd:originalName="Ky" xd:direction="in" xd:interfaceRef="s_axi_AXILiteS" xd:busTypeRef="axilite" xd:offset="0x30" xd:handshakeRef="ap_none" xd:dataWidth="8"/>
  <xd:arg xd:name="mode" xd:originalName="mode" xd:direction="in" xd:interfaceRef="s_axi_AXILiteS" xd:busTypeRef="axilite" xd:offset="0x38" xd:handshakeRef="ap_none" xd:dataWidth="2"/>
  <xd:arg xd:name="feature_in" xd:originalName="feature_in" xd:direction="in" xd:interfaceRef="s_axi_AXILiteS" xd:busTypeRef="axilite" xd:aximmInterfaceRef="m_axi_gmem" xd:dataWidth="32" xd:offset="0x40" xd:handshakeRef="ap_none"/>
  <xd:arg xd:name="feature_out" xd:originalName="feature_out" xd:direction="in" xd:interfaceRef="s_axi_AXILiteS" xd:busTypeRef="axilite" xd:aximmInterfaceRef="m_axi_gmem" xd:dataWidth="32" xd:offset="0x48" xd:handshakeRef="ap_none"/>
  <xd:latencyEstimates xd:best-case="20" xd:worst-case="undef" xd:average-case="undef"/>
  <xd:resourceEstimates xd:LUT="5011" xd:FF="3860" xd:BRAM="2" xd:DSP="10"/>
</xd:acceleratorMap>
