<?xml version="1.0" encoding="UTF-8"?>
<project>
  <core name="" type="" target="">
    <kernel name="Pool" language="c" vlnv="xilinx.com:hls:Pool:1.0" attributes="" hash="" preferredWorkGroupSizeMultiple="0" workGroupSize="1" debug="false" interrupt="true">
      <port name="M_AXI_GMEM" mode="master" range="0xFFFFFFFF" dataWidth="32" portType="addressable" base="0x00000000"/>
      <port name="S_AXI_AXILITES" mode="slave" range="0x1000" dataWidth="32" portType="addressable" base="0x00000000"/>
      <arg name="CHin" addressQualifier="0" id="0" port="S_AXI_AXILITES" size="0x4" offset="0x10" hostOffset="0x0" hostSize="0x4" type=""/>
      <arg name="Hin" addressQualifier="0" id="1" port="S_AXI_AXILITES" size="0x4" offset="0x18" hostOffset="0x0" hostSize="0x4" type=""/>
      <arg name="Win" addressQualifier="0" id="2" port="S_AXI_AXILITES" size="0x4" offset="0x20" hostOffset="0x0" hostSize="0x4" type=""/>
      <arg name="Kx" addressQualifier="0" id="3" port="S_AXI_AXILITES" size="0x4" offset="0x28" hostOffset="0x0" hostSize="0x4" type=""/>
      <arg name="Ky" addressQualifier="0" id="4" port="S_AXI_AXILITES" size="0x4" offset="0x30" hostOffset="0x0" hostSize="0x4" type=""/>
      <arg name="mode" addressQualifier="0" id="5" port="S_AXI_AXILITES" size="0x4" offset="0x38" hostOffset="0x0" hostSize="0x4" type=""/>
      <arg name="feature_in" addressQualifier="1" id="6" port="M_AXI_GMEM" size="0x4" offset="0x40" hostOffset="0x0" hostSize="0x4" type="float*"/>
      <arg name="feature_out" addressQualifier="1" id="7" port="M_AXI_GMEM" size="0x4" offset="0x48" hostOffset="0x0" hostSize="0x4" type="float*"/>
      <compileWorkGroupSize x="1" y="1" z="1"/>
    </kernel>
  </core>
</project>
