<profile>

<section name = "Vivado HLS Report for 'Pool'" level="0">
<item name = "Date">Fri Dec  6 22:28:56 2019
</item>
<item name = "Version">2018.3 (Build 2405991 on Thu Dec 06 23:56:15 MST 2018)</item>
<item name = "Project">pool_core</item>
<item name = "Solution">solution1</item>
<item name = "Product family">zynq</item>
<item name = "Target device">xc7z010clg400-1</item>
</section>

<section name = "Performance Estimates" level="0">
<item name = "Timing (ns)">
<section name = "" level="1">
<item name = "Summary"><table name="" hasTotal="0">
<keys size="4">Clock, Target, Estimated, Uncertainty</keys>
<column name="ap_clk">10.00, 11.266, 1.25</column>
</table>
</item>
</section>
</item>
<item name = "Latency (clock cycles)">
<section name = "" level="1">
<item name = "Summary"><table name="" hasTotal="0">
<keys size="6">, min, max, min, max, Type</keys>
<column name="">20, ?, 20, ?, none</column>
</table>
</item>
<item name = "Detail">
<section name = "" level="1">
<item name = "Instance"><table name="" hasTotal="0">
<keys size="7">Instance, Module, min, max, min, max, Type</keys>
</table>
</item>
<item name = "Loop"><table name="" hasTotal="0">
<keys size="8">Loop Name, min, max, Latency, achieved, target, Count, Pipelined</keys>
<column name="- Loop 1">0, ?, 2 ~ 4751012254769447, -, -, 0 ~ 65535, no</column>
<column name=" + Loop 1.1">0, 4751012254769445, 2 ~ 72495800027, -, -, 0 ~ 65535, no</column>
<column name="  ++ Loop 1.1.1">0, 72495800025, 11 ~ 1106215, -, -, 0 ~ 65535, no</column>
<column name="   +++ Loop 1.1.1.1">0, 1106190, 3 ~ 4338, -, -, 0 ~ 255, no</column>
<column name="    ++++ Loop 1.1.1.1.1">0, 4335, 2 ~ 17, -, -, 0 ~ 255, no</column>
</table>
</item>
</section>
</item>
</section>
</item>
</section>
</profile>
