{
  "Top": "LSTM_Top",
  "RtlTop": "LSTM_Top",
  "RtlPrefix": "",
  "SourceLanguage": "cpp",
  "ResetStyle": "control",
  "GenerateBdFiles": "1",
  "HostMachineBits": "64",
  "Target": {
    "Family": "zynq",
    "Device": "xc7z020",
    "Package": "clg400",
    "Speed": "-1"
  },
  "HlsSolution": {
    
  },
  "ClockInfo": {
    "ClockName": "ap_clk",
    "ClockPeriod": "10",
    "IsCombLogic": "0",
    "II": "x",
    "Latency": "27711712",
    "Uncertainty": "1.25"
  },
  "Xdc": {"OocClocks": ["create_clock -name ap_clk -period 10.000 [get_ports ap_clk]"]},
  "Ipx": {
    "Vendor": "xilinx.com",
    "Library": "hls",
    "Name": "LSTM_Top",
    "Version": "1.0",
    "DisplayName": "Lstm_top",
    "Revision": "",
    "Description": "An IP generated by Vivado HLS",
    "Taxonomy": "\/VIVADO_HLS_IP",
    "AutoFamilySupport": ""
  },
  "Files": {
    "CSource": [
      "..\/rnn.cpp",
      "..\/mnist_lstm.cpp"
    ],
    "Vhdl": [
      "impl\/vhdl\/exp_generic_double_s.vhd",
      "impl\/vhdl\/exp_generic_doublhbi.vhd",
      "impl\/vhdl\/exp_generic_doublibs.vhd",
      "impl\/vhdl\/exp_generic_doubljbC.vhd",
      "impl\/vhdl\/fill_n.vhd",
      "impl\/vhdl\/generic_tanh_float_s.vhd",
      "impl\/vhdl\/geva_1.vhd",
      "impl\/vhdl\/hprod.vhd",
      "impl\/vhdl\/infer.vhd",
      "impl\/vhdl\/infer_Bias0_c.vhd",
      "impl\/vhdl\/infer_Bias0_f.vhd",
      "impl\/vhdl\/infer_Bias0_i.vhd",
      "impl\/vhdl\/infer_Bias0_o.vhd",
      "impl\/vhdl\/infer_Bias_lc.vhd",
      "impl\/vhdl\/infer_gate0_f.vhd",
      "impl\/vhdl\/infer_vec0_i.vhd",
      "impl\/vhdl\/infer_Weight0_c.vhd",
      "impl\/vhdl\/infer_Weight0_f.vhd",
      "impl\/vhdl\/infer_Weight0_i.vhd",
      "impl\/vhdl\/infer_Weight0_o.vhd",
      "impl\/vhdl\/infer_Weight_lc.vhd",
      "impl\/vhdl\/LSTM_Top_dadd_64nfYi.vhd",
      "impl\/vhdl\/LSTM_Top_ddiv_64ng8j.vhd",
      "impl\/vhdl\/LSTM_Top_fadd_32nbkb.vhd",
      "impl\/vhdl\/LSTM_Top_faddfsubpcA.vhd",
      "impl\/vhdl\/LSTM_Top_fcmp_32nsc4.vhd",
      "impl\/vhdl\/LSTM_Top_fdiv_32nrcU.vhd",
      "impl\/vhdl\/LSTM_Top_fexp_32neOg.vhd",
      "impl\/vhdl\/LSTM_Top_fmul_32nqcK.vhd",
      "impl\/vhdl\/LSTM_Top_fpext_32dEe.vhd",
      "impl\/vhdl\/LSTM_Top_fptrunc_cud.vhd",
      "impl\/vhdl\/LSTM_Top_mac_mulaocq.vhd",
      "impl\/vhdl\/LSTM_Top_mul_36nslbW.vhd",
      "impl\/vhdl\/LSTM_Top_mul_44nsmb6.vhd",
      "impl\/vhdl\/LSTM_Top_mul_50nsncg.vhd",
      "impl\/vhdl\/LSTM_Top_mul_72nskbM.vhd",
      "impl\/vhdl\/mnist_lstm.vhd",
      "impl\/vhdl\/mnist_lstm_img_dat.vhd",
      "impl\/vhdl\/mnist_lstm_res.vhd",
      "impl\/vhdl\/sigmoid.vhd",
      "impl\/vhdl\/LSTM_Top.vhd"
    ],
    "Verilog": [
      "impl\/verilog\/exp_generic_double_s.v",
      "impl\/verilog\/exp_generic_doublhbi.v",
      "impl\/verilog\/exp_generic_doublhbi_rom.dat",
      "impl\/verilog\/exp_generic_doublibs.v",
      "impl\/verilog\/exp_generic_doublibs_rom.dat",
      "impl\/verilog\/exp_generic_doubljbC.v",
      "impl\/verilog\/exp_generic_doubljbC_rom.dat",
      "impl\/verilog\/fill_n.v",
      "impl\/verilog\/generic_tanh_float_s.v",
      "impl\/verilog\/geva_1.v",
      "impl\/verilog\/hprod.v",
      "impl\/verilog\/infer.v",
      "impl\/verilog\/infer_Bias0_c.v",
      "impl\/verilog\/infer_Bias0_c_rom.dat",
      "impl\/verilog\/infer_Bias0_f.v",
      "impl\/verilog\/infer_Bias0_f_rom.dat",
      "impl\/verilog\/infer_Bias0_i.v",
      "impl\/verilog\/infer_Bias0_i_rom.dat",
      "impl\/verilog\/infer_Bias0_o.v",
      "impl\/verilog\/infer_Bias0_o_rom.dat",
      "impl\/verilog\/infer_Bias_lc.v",
      "impl\/verilog\/infer_Bias_lc_rom.dat",
      "impl\/verilog\/infer_gate0_f.v",
      "impl\/verilog\/infer_vec0_i.v",
      "impl\/verilog\/infer_Weight0_c.v",
      "impl\/verilog\/infer_Weight0_c_rom.dat",
      "impl\/verilog\/infer_Weight0_f.v",
      "impl\/verilog\/infer_Weight0_f_rom.dat",
      "impl\/verilog\/infer_Weight0_i.v",
      "impl\/verilog\/infer_Weight0_i_rom.dat",
      "impl\/verilog\/infer_Weight0_o.v",
      "impl\/verilog\/infer_Weight0_o_rom.dat",
      "impl\/verilog\/infer_Weight_lc.v",
      "impl\/verilog\/infer_Weight_lc_rom.dat",
      "impl\/verilog\/LSTM_Top_dadd_64nfYi.v",
      "impl\/verilog\/LSTM_Top_ddiv_64ng8j.v",
      "impl\/verilog\/LSTM_Top_fadd_32nbkb.v",
      "impl\/verilog\/LSTM_Top_faddfsubpcA.v",
      "impl\/verilog\/LSTM_Top_fcmp_32nsc4.v",
      "impl\/verilog\/LSTM_Top_fdiv_32nrcU.v",
      "impl\/verilog\/LSTM_Top_fexp_32neOg.v",
      "impl\/verilog\/LSTM_Top_fmul_32nqcK.v",
      "impl\/verilog\/LSTM_Top_fpext_32dEe.v",
      "impl\/verilog\/LSTM_Top_fptrunc_cud.v",
      "impl\/verilog\/LSTM_Top_mac_mulaocq.v",
      "impl\/verilog\/LSTM_Top_mul_36nslbW.v",
      "impl\/verilog\/LSTM_Top_mul_44nsmb6.v",
      "impl\/verilog\/LSTM_Top_mul_50nsncg.v",
      "impl\/verilog\/LSTM_Top_mul_72nskbM.v",
      "impl\/verilog\/mnist_lstm.v",
      "impl\/verilog\/mnist_lstm_img_dat.v",
      "impl\/verilog\/mnist_lstm_res.v",
      "impl\/verilog\/sigmoid.v",
      "impl\/verilog\/LSTM_Top.v"
    ],
    "Misc": ["impl\/misc\/logo.png"],
    "Subcore": [
      "impl\/misc\/LSTM_Top_ap_dadd_3_full_dsp_64_ip.tcl",
      "impl\/misc\/LSTM_Top_ap_ddiv_29_no_dsp_64_ip.tcl",
      "impl\/misc\/LSTM_Top_ap_fadd_3_full_dsp_32_ip.tcl",
      "impl\/misc\/LSTM_Top_ap_faddfsub_3_full_dsp_32_ip.tcl",
      "impl\/misc\/LSTM_Top_ap_fcmp_0_no_dsp_32_ip.tcl",
      "impl\/misc\/LSTM_Top_ap_fdiv_14_no_dsp_32_ip.tcl",
      "impl\/misc\/LSTM_Top_ap_fexp_7_full_dsp_32_ip.tcl",
      "impl\/misc\/LSTM_Top_ap_fmul_2_max_dsp_32_ip.tcl",
      "impl\/misc\/LSTM_Top_ap_fpext_0_no_dsp_32_ip.tcl",
      "impl\/misc\/LSTM_Top_ap_fptrunc_0_no_dsp_64_ip.tcl"
    ],
    "DesignXml": "D:\/new\/mnist_lstm_hls\/solution1\/.autopilot\/db\/LSTM_Top.design.xml"
  },
  "SubcoreInfo": {
    "HasXpmMemory": false,
    "HasClockedDsp": false,
    "IP": [
      {
        "name": "LSTM_Top_ap_dadd_3_full_dsp_64",
        "vlnv": "xilinx.com:ip:floating_point:7.1",
        "params": "CONFIG.a_precision_type Double CONFIG.a_tuser_width 1 CONFIG.add_sub_value Add CONFIG.b_tuser_width 1 CONFIG.c_a_exponent_width 11 CONFIG.c_a_fraction_width 53 CONFIG.c_compare_operation Programmable CONFIG.c_has_divide_by_zero false CONFIG.c_has_invalid_op false CONFIG.c_has_overflow false CONFIG.c_has_underflow false CONFIG.c_latency 3 CONFIG.c_mult_usage Full_Usage CONFIG.c_optimization Speed_Optimized CONFIG.c_rate 1 CONFIG.c_result_exponent_width 11 CONFIG.c_result_fraction_width 53 CONFIG.component_name LSTM_Top_ap_dadd_3_full_dsp_64 CONFIG.flow_control NonBlocking CONFIG.has_a_tlast false CONFIG.has_a_tuser false CONFIG.has_aclken true CONFIG.has_aresetn false CONFIG.has_b_tlast false CONFIG.has_b_tuser false CONFIG.has_operation_tlast false CONFIG.has_operation_tuser false CONFIG.has_result_tready false CONFIG.maximum_latency false CONFIG.operation_tuser_width 1 CONFIG.operation_type Add_Subtract CONFIG.result_precision_type Double CONFIG.result_tlast_behv Null"
      },
      {
        "name": "LSTM_Top_ap_ddiv_29_no_dsp_64",
        "vlnv": "xilinx.com:ip:floating_point:7.1",
        "params": "CONFIG.a_precision_type Double CONFIG.a_tuser_width 1 CONFIG.add_sub_value Both CONFIG.b_tuser_width 1 CONFIG.c_a_exponent_width 11 CONFIG.c_a_fraction_width 53 CONFIG.c_compare_operation Programmable CONFIG.c_has_divide_by_zero false CONFIG.c_has_invalid_op false CONFIG.c_has_overflow false CONFIG.c_has_underflow false CONFIG.c_latency 29 CONFIG.c_mult_usage No_Usage CONFIG.c_optimization Speed_Optimized CONFIG.c_rate 1 CONFIG.c_result_exponent_width 11 CONFIG.c_result_fraction_width 53 CONFIG.component_name LSTM_Top_ap_ddiv_29_no_dsp_64 CONFIG.flow_control NonBlocking CONFIG.has_a_tlast false CONFIG.has_a_tuser false CONFIG.has_aclken true CONFIG.has_aresetn false CONFIG.has_b_tlast false CONFIG.has_b_tuser false CONFIG.has_operation_tlast false CONFIG.has_operation_tuser false CONFIG.has_result_tready false CONFIG.maximum_latency false CONFIG.operation_tuser_width 1 CONFIG.operation_type Divide CONFIG.result_precision_type Double CONFIG.result_tlast_behv Null"
      },
      {
        "name": "LSTM_Top_ap_fadd_3_full_dsp_32",
        "vlnv": "xilinx.com:ip:floating_point:7.1",
        "params": "CONFIG.a_precision_type Single CONFIG.a_tuser_width 1 CONFIG.add_sub_value Add CONFIG.b_tuser_width 1 CONFIG.c_a_exponent_width 8 CONFIG.c_a_fraction_width 24 CONFIG.c_compare_operation Programmable CONFIG.c_has_divide_by_zero false CONFIG.c_has_invalid_op false CONFIG.c_has_overflow false CONFIG.c_has_underflow false CONFIG.c_latency 3 CONFIG.c_mult_usage Full_Usage CONFIG.c_optimization Speed_Optimized CONFIG.c_rate 1 CONFIG.c_result_exponent_width 8 CONFIG.c_result_fraction_width 24 CONFIG.component_name LSTM_Top_ap_fadd_3_full_dsp_32 CONFIG.flow_control NonBlocking CONFIG.has_a_tlast false CONFIG.has_a_tuser false CONFIG.has_aclken true CONFIG.has_aresetn false CONFIG.has_b_tlast false CONFIG.has_b_tuser false CONFIG.has_operation_tlast false CONFIG.has_operation_tuser false CONFIG.has_result_tready false CONFIG.maximum_latency false CONFIG.operation_tuser_width 1 CONFIG.operation_type Add_Subtract CONFIG.result_precision_type Single CONFIG.result_tlast_behv Null"
      },
      {
        "name": "LSTM_Top_ap_faddfsub_3_full_dsp_32",
        "vlnv": "xilinx.com:ip:floating_point:7.1",
        "params": "CONFIG.a_precision_type Single CONFIG.a_tuser_width 1 CONFIG.add_sub_value Both CONFIG.b_tuser_width 1 CONFIG.c_a_exponent_width 8 CONFIG.c_a_fraction_width 24 CONFIG.c_compare_operation Programmable CONFIG.c_has_divide_by_zero false CONFIG.c_has_invalid_op false CONFIG.c_has_overflow false CONFIG.c_has_underflow false CONFIG.c_latency 3 CONFIG.c_mult_usage Full_Usage CONFIG.c_optimization Speed_Optimized CONFIG.c_rate 1 CONFIG.c_result_exponent_width 8 CONFIG.c_result_fraction_width 24 CONFIG.component_name LSTM_Top_ap_faddfsub_3_full_dsp_32 CONFIG.flow_control NonBlocking CONFIG.has_a_tlast false CONFIG.has_a_tuser false CONFIG.has_aclken true CONFIG.has_aresetn false CONFIG.has_b_tlast false CONFIG.has_b_tuser false CONFIG.has_operation_tlast false CONFIG.has_operation_tuser false CONFIG.has_result_tready false CONFIG.maximum_latency false CONFIG.operation_tuser_width 1 CONFIG.operation_type Add_Subtract CONFIG.result_precision_type Single CONFIG.result_tlast_behv Null"
      },
      {
        "name": "LSTM_Top_ap_fcmp_0_no_dsp_32",
        "vlnv": "xilinx.com:ip:floating_point:7.1",
        "params": "CONFIG.a_precision_type Single CONFIG.a_tuser_width 1 CONFIG.add_sub_value Both CONFIG.b_tuser_width 1 CONFIG.c_a_exponent_width 8 CONFIG.c_a_fraction_width 24 CONFIG.c_compare_operation Programmable CONFIG.c_has_divide_by_zero false CONFIG.c_has_invalid_op false CONFIG.c_has_overflow false CONFIG.c_has_underflow false CONFIG.c_latency 0 CONFIG.c_mult_usage No_Usage CONFIG.c_optimization Speed_Optimized CONFIG.c_rate 1 CONFIG.c_result_exponent_width 1 CONFIG.c_result_fraction_width 0 CONFIG.component_name LSTM_Top_ap_fcmp_0_no_dsp_32 CONFIG.flow_control NonBlocking CONFIG.has_a_tlast false CONFIG.has_a_tuser false CONFIG.has_aclken false CONFIG.has_aresetn false CONFIG.has_b_tlast false CONFIG.has_b_tuser false CONFIG.has_operation_tlast false CONFIG.has_operation_tuser false CONFIG.has_result_tready false CONFIG.maximum_latency false CONFIG.operation_tuser_width 1 CONFIG.operation_type Compare CONFIG.result_precision_type Custom CONFIG.result_tlast_behv Null"
      },
      {
        "name": "LSTM_Top_ap_fdiv_14_no_dsp_32",
        "vlnv": "xilinx.com:ip:floating_point:7.1",
        "params": "CONFIG.a_precision_type Single CONFIG.a_tuser_width 1 CONFIG.add_sub_value Both CONFIG.b_tuser_width 1 CONFIG.c_a_exponent_width 8 CONFIG.c_a_fraction_width 24 CONFIG.c_compare_operation Programmable CONFIG.c_has_divide_by_zero false CONFIG.c_has_invalid_op false CONFIG.c_has_overflow false CONFIG.c_has_underflow false CONFIG.c_latency 14 CONFIG.c_mult_usage No_Usage CONFIG.c_optimization Speed_Optimized CONFIG.c_rate 1 CONFIG.c_result_exponent_width 8 CONFIG.c_result_fraction_width 24 CONFIG.component_name LSTM_Top_ap_fdiv_14_no_dsp_32 CONFIG.flow_control NonBlocking CONFIG.has_a_tlast false CONFIG.has_a_tuser false CONFIG.has_aclken true CONFIG.has_aresetn false CONFIG.has_b_tlast false CONFIG.has_b_tuser false CONFIG.has_operation_tlast false CONFIG.has_operation_tuser false CONFIG.has_result_tready false CONFIG.maximum_latency false CONFIG.operation_tuser_width 1 CONFIG.operation_type Divide CONFIG.result_precision_type Single CONFIG.result_tlast_behv Null"
      },
      {
        "name": "LSTM_Top_ap_fexp_7_full_dsp_32",
        "vlnv": "xilinx.com:ip:floating_point:7.1",
        "params": "CONFIG.a_precision_type Single CONFIG.a_tuser_width 1 CONFIG.add_sub_value Both CONFIG.b_tuser_width 1 CONFIG.c_a_exponent_width 8 CONFIG.c_a_fraction_width 24 CONFIG.c_compare_operation Programmable CONFIG.c_has_divide_by_zero false CONFIG.c_has_invalid_op false CONFIG.c_has_overflow false CONFIG.c_has_underflow false CONFIG.c_latency 7 CONFIG.c_mult_usage Full_Usage CONFIG.c_optimization Speed_Optimized CONFIG.c_rate 1 CONFIG.c_result_exponent_width 8 CONFIG.c_result_fraction_width 24 CONFIG.component_name LSTM_Top_ap_fexp_7_full_dsp_32 CONFIG.flow_control NonBlocking CONFIG.has_a_tlast false CONFIG.has_a_tuser false CONFIG.has_aclken true CONFIG.has_aresetn false CONFIG.has_b_tlast false CONFIG.has_b_tuser false CONFIG.has_operation_tlast false CONFIG.has_operation_tuser false CONFIG.has_result_tready false CONFIG.maximum_latency false CONFIG.operation_tuser_width 1 CONFIG.operation_type Exponential CONFIG.result_precision_type Single CONFIG.result_tlast_behv Null"
      },
      {
        "name": "LSTM_Top_ap_fmul_2_max_dsp_32",
        "vlnv": "xilinx.com:ip:floating_point:7.1",
        "params": "CONFIG.a_precision_type Single CONFIG.a_tuser_width 1 CONFIG.add_sub_value Both CONFIG.b_tuser_width 1 CONFIG.c_a_exponent_width 8 CONFIG.c_a_fraction_width 24 CONFIG.c_compare_operation Programmable CONFIG.c_has_divide_by_zero false CONFIG.c_has_invalid_op false CONFIG.c_has_overflow false CONFIG.c_has_underflow false CONFIG.c_latency 2 CONFIG.c_mult_usage Max_Usage CONFIG.c_optimization Speed_Optimized CONFIG.c_rate 1 CONFIG.c_result_exponent_width 8 CONFIG.c_result_fraction_width 24 CONFIG.component_name LSTM_Top_ap_fmul_2_max_dsp_32 CONFIG.flow_control NonBlocking CONFIG.has_a_tlast false CONFIG.has_a_tuser false CONFIG.has_aclken true CONFIG.has_aresetn false CONFIG.has_b_tlast false CONFIG.has_b_tuser false CONFIG.has_operation_tlast false CONFIG.has_operation_tuser false CONFIG.has_result_tready false CONFIG.maximum_latency false CONFIG.operation_tuser_width 1 CONFIG.operation_type Multiply CONFIG.result_precision_type Single CONFIG.result_tlast_behv Null"
      },
      {
        "name": "LSTM_Top_ap_fpext_0_no_dsp_32",
        "vlnv": "xilinx.com:ip:floating_point:7.1",
        "params": "CONFIG.a_precision_type Single CONFIG.a_tuser_width 1 CONFIG.add_sub_value Both CONFIG.b_tuser_width 1 CONFIG.c_a_exponent_width 8 CONFIG.c_a_fraction_width 24 CONFIG.c_compare_operation Programmable CONFIG.c_has_divide_by_zero false CONFIG.c_has_invalid_op false CONFIG.c_has_overflow false CONFIG.c_has_underflow false CONFIG.c_latency 0 CONFIG.c_mult_usage No_Usage CONFIG.c_optimization Speed_Optimized CONFIG.c_rate 1 CONFIG.c_result_exponent_width 11 CONFIG.c_result_fraction_width 53 CONFIG.component_name LSTM_Top_ap_fpext_0_no_dsp_32 CONFIG.flow_control NonBlocking CONFIG.has_a_tlast false CONFIG.has_a_tuser false CONFIG.has_aclken false CONFIG.has_aresetn false CONFIG.has_b_tlast false CONFIG.has_b_tuser false CONFIG.has_operation_tlast false CONFIG.has_operation_tuser false CONFIG.has_result_tready false CONFIG.maximum_latency false CONFIG.operation_tuser_width 1 CONFIG.operation_type Float_to_Float CONFIG.result_precision_type Double CONFIG.result_tlast_behv Null"
      },
      {
        "name": "LSTM_Top_ap_fptrunc_0_no_dsp_64",
        "vlnv": "xilinx.com:ip:floating_point:7.1",
        "params": "CONFIG.a_precision_type Double CONFIG.a_tuser_width 1 CONFIG.add_sub_value Both CONFIG.b_tuser_width 1 CONFIG.c_a_exponent_width 11 CONFIG.c_a_fraction_width 53 CONFIG.c_compare_operation Programmable CONFIG.c_has_divide_by_zero false CONFIG.c_has_invalid_op false CONFIG.c_has_overflow false CONFIG.c_has_underflow false CONFIG.c_latency 0 CONFIG.c_mult_usage No_Usage CONFIG.c_optimization Speed_Optimized CONFIG.c_rate 1 CONFIG.c_result_exponent_width 8 CONFIG.c_result_fraction_width 24 CONFIG.component_name LSTM_Top_ap_fptrunc_0_no_dsp_64 CONFIG.flow_control NonBlocking CONFIG.has_a_tlast false CONFIG.has_a_tuser false CONFIG.has_aclken false CONFIG.has_aresetn false CONFIG.has_b_tlast false CONFIG.has_b_tuser false CONFIG.has_operation_tlast false CONFIG.has_operation_tuser false CONFIG.has_result_tready false CONFIG.maximum_latency false CONFIG.operation_tuser_width 1 CONFIG.operation_type Float_to_Float CONFIG.result_precision_type Single CONFIG.result_tlast_behv Null"
      }
    ]
  },
  "Interfaces": {
    "ap_clk": {
      "type": "clock",
      "ctype": {"CLK": {"Type": "bool"}},
      "buses": "in_r out_r",
      "reset": "ap_rst_n"
    },
    "ap_rst_n": {
      "type": "reset",
      "polarity": "ACTIVE_LOW",
      "ctype": {"RST": {"Type": "bool"}}
    },
    "in_r": {
      "type": "axi4stream",
      "mode": "slave",
      "port_prefix": "in_r",
      "has_tready": "1",
      "ctype": {
        "TDATA": {
          "Type": "integer unsigned",
          "Width": "32"
        },
        "TVALID": {"Type": "bool"},
        "TREADY": {"Type": "bool"},
        "TDEST": {
          "Type": "integer unsigned",
          "Width": "1"
        },
        "TKEEP": {
          "Type": "integer unsigned",
          "Width": "4"
        },
        "TSTRB": {
          "Type": "integer unsigned",
          "Width": "4"
        },
        "TUSER": {
          "Type": "integer unsigned",
          "Width": "1"
        },
        "TLAST": {
          "Type": "integer unsigned",
          "Width": "1"
        },
        "TID": {
          "Type": "integer unsigned",
          "Width": "1"
        }
      },
      "port_width": {
        "TDATA": "32",
        "TDEST": "1",
        "TID": "1",
        "TKEEP": "4",
        "TLAST": "1",
        "TSTRB": "4",
        "TUSER": "1"
      }
    },
    "out_r": {
      "type": "axi4stream",
      "mode": "master",
      "port_prefix": "out_r",
      "has_tready": "1",
      "ctype": {
        "TDATA": {
          "Type": "integer unsigned",
          "Width": "32"
        },
        "TVALID": {"Type": "bool"},
        "TREADY": {"Type": "bool"},
        "TDEST": {
          "Type": "integer unsigned",
          "Width": "1"
        },
        "TKEEP": {
          "Type": "integer unsigned",
          "Width": "4"
        },
        "TSTRB": {
          "Type": "integer unsigned",
          "Width": "4"
        },
        "TUSER": {
          "Type": "integer unsigned",
          "Width": "1"
        },
        "TLAST": {
          "Type": "integer unsigned",
          "Width": "1"
        },
        "TID": {
          "Type": "integer unsigned",
          "Width": "1"
        }
      },
      "port_width": {
        "TDATA": "32",
        "TDEST": "1",
        "TID": "1",
        "TKEEP": "4",
        "TLAST": "1",
        "TSTRB": "4",
        "TUSER": "1"
      }
    }
  },
  "RtlPorts": {
    "ap_clk": {
      "dir": "in",
      "width": "1"
    },
    "ap_rst_n": {
      "dir": "in",
      "width": "1"
    },
    "in_r_TDATA": {
      "dir": "in",
      "width": "32"
    },
    "in_r_TVALID": {
      "dir": "in",
      "width": "1"
    },
    "in_r_TREADY": {
      "dir": "out",
      "width": "1"
    },
    "in_r_TDEST": {
      "dir": "in",
      "width": "1",
      "isVector": "true"
    },
    "in_r_TKEEP": {
      "dir": "in",
      "width": "4"
    },
    "in_r_TSTRB": {
      "dir": "in",
      "width": "4"
    },
    "in_r_TUSER": {
      "dir": "in",
      "width": "1",
      "isVector": "true"
    },
    "in_r_TLAST": {
      "dir": "in",
      "width": "1",
      "isVector": "true"
    },
    "in_r_TID": {
      "dir": "in",
      "width": "1",
      "isVector": "true"
    },
    "out_r_TDATA": {
      "dir": "out",
      "width": "32"
    },
    "out_r_TVALID": {
      "dir": "out",
      "width": "1"
    },
    "out_r_TREADY": {
      "dir": "in",
      "width": "1"
    },
    "out_r_TDEST": {
      "dir": "out",
      "width": "1",
      "isVector": "true"
    },
    "out_r_TKEEP": {
      "dir": "out",
      "width": "4"
    },
    "out_r_TSTRB": {
      "dir": "out",
      "width": "4"
    },
    "out_r_TUSER": {
      "dir": "out",
      "width": "1",
      "isVector": "true"
    },
    "out_r_TLAST": {
      "dir": "out",
      "width": "1",
      "isVector": "true"
    },
    "out_r_TID": {
      "dir": "out",
      "width": "1",
      "isVector": "true"
    }
  },
  "CPorts": {
    "in_data_V": {
      "interfaceRef": "in_r",
      "dir": "in"
    },
    "in_dest_V": {
      "interfaceRef": "in_r",
      "dir": "in"
    },
    "in_keep_V": {
      "interfaceRef": "in_r",
      "dir": "in"
    },
    "in_strb_V": {
      "interfaceRef": "in_r",
      "dir": "in"
    },
    "in_user_V": {
      "interfaceRef": "in_r",
      "dir": "in"
    },
    "in_last_V": {
      "interfaceRef": "in_r",
      "dir": "in"
    },
    "in_id_V": {
      "interfaceRef": "in_r",
      "dir": "in"
    },
    "out_data_V": {
      "interfaceRef": "out_r",
      "dir": "out",
      "firstOutLatency": "4"
    },
    "out_dest_V": {
      "interfaceRef": "out_r",
      "dir": "out",
      "firstOutLatency": "4"
    },
    "out_keep_V": {
      "interfaceRef": "out_r",
      "dir": "out",
      "firstOutLatency": "4"
    },
    "out_strb_V": {
      "interfaceRef": "out_r",
      "dir": "out",
      "firstOutLatency": "4"
    },
    "out_user_V": {
      "interfaceRef": "out_r",
      "dir": "out",
      "firstOutLatency": "4"
    },
    "out_last_V": {
      "interfaceRef": "out_r",
      "dir": "out",
      "firstOutLatency": "4"
    },
    "out_id_V": {
      "interfaceRef": "out_r",
      "dir": "out",
      "firstOutLatency": "4"
    }
  },
  "ModuleInfo": {
    "Hierarchy": {
      "ModuleName": "LSTM_Top",
      "Instances": [{
          "ModuleName": "mnist_lstm",
          "InstanceName": "grp_mnist_lstm_fu_76",
          "Instances": [{
              "ModuleName": "infer",
              "InstanceName": "grp_infer_fu_203",
              "Instances": [
                {
                  "ModuleName": "generic_tanh_float_s",
                  "InstanceName": "grp_generic_tanh_float_s_fu_763",
                  "Instances": [{
                      "ModuleName": "exp_generic_double_s",
                      "InstanceName": "grp_exp_generic_double_s_fu_89"
                    }]
                },
                {
                  "ModuleName": "sigmoid",
                  "InstanceName": "grp_sigmoid_fu_776"
                },
                {
                  "ModuleName": "geva_1",
                  "InstanceName": "grp_geva_1_fu_782"
                },
                {
                  "ModuleName": "hprod",
                  "InstanceName": "grp_hprod_fu_792"
                },
                {
                  "ModuleName": "fill_n",
                  "InstanceName": "grp_fill_n_fu_799"
                }
              ]
            }]
        }]
    },
    "Metrics": {
      "fill_n": {
        "Latency": {
          "LatencyBest": "129",
          "LatencyAvg": "129",
          "LatencyWorst": "129",
          "PipelineII": "129",
          "PipelineDepth": "",
          "PipelineType": "none"
        },
        "Timing": {
          "Target": "10.00",
          "Uncertainty": "1.25",
          "Estimate": "3.254"
        },
        "Loops": [{
            "Name": "Loop 1",
            "TripCount": "128",
            "Latency": "128",
            "PipelineII": "",
            "PipelineDepth": "1"
          }],
        "Area": {
          "FF": "10",
          "LUT": "52",
          "BRAM_18K": "0",
          "DSP48E": "0"
        }
      },
      "geva_1": {
        "Latency": {
          "LatencyBest": "1025",
          "LatencyAvg": "1025",
          "LatencyWorst": "1025",
          "PipelineII": "1025",
          "PipelineDepth": "",
          "PipelineType": "none"
        },
        "Timing": {
          "Target": "10.00",
          "Uncertainty": "1.25",
          "Estimate": "7.256"
        },
        "Loops": [{
            "Name": "Loop 1",
            "TripCount": "128",
            "Latency": "1024",
            "PipelineII": "",
            "PipelineDepth": "8"
          }],
        "Area": {
          "DSP48E": "2",
          "FF": "333",
          "LUT": "489",
          "BRAM_18K": "0"
        }
      },
      "sigmoid": {
        "Latency": {
          "LatencyBest": "6401",
          "LatencyAvg": "6401",
          "LatencyWorst": "6401",
          "PipelineII": "6401",
          "PipelineDepth": "",
          "PipelineType": "none"
        },
        "Timing": {
          "Target": "10.00",
          "Uncertainty": "1.25",
          "Estimate": "8.677"
        },
        "Loops": [{
            "Name": "Loop 1",
            "TripCount": "128",
            "Latency": "6400",
            "PipelineII": "",
            "PipelineDepth": "50"
          }],
        "Area": {
          "DSP48E": "10",
          "FF": "4524",
          "LUT": "6441",
          "BRAM_18K": "0"
        }
      },
      "exp_generic_double_s": {
        "Latency": {
          "LatencyBest": "19",
          "LatencyAvg": "19",
          "LatencyWorst": "19",
          "PipelineII": "1",
          "PipelineDepth": "20",
          "PipelineType": "function"
        },
        "Timing": {
          "Target": "10.00",
          "Uncertainty": "1.25",
          "Estimate": "9.514"
        },
        "Area": {
          "BRAM_18K": "11",
          "DSP48E": "29",
          "FF": "3037",
          "LUT": "3258"
        }
      },
      "generic_tanh_float_s": {
        "Latency": {
          "LatencyBest": "1",
          "LatencyAvg": "18",
          "LatencyWorst": "59",
          "PipelineIIMin": "1",
          "PipelineIIMax": "59",
          "PipelineII": "1 ~ 59",
          "PipelineDepth": "",
          "PipelineType": "none"
        },
        "Timing": {
          "Target": "10.00",
          "Uncertainty": "1.25",
          "Estimate": "9.514"
        },
        "Area": {
          "BRAM_18K": "11",
          "DSP48E": "37",
          "FF": "5458",
          "LUT": "7618"
        }
      },
      "hprod": {
        "Latency": {
          "LatencyBest": "897",
          "LatencyAvg": "897",
          "LatencyWorst": "897",
          "PipelineII": "897",
          "PipelineDepth": "",
          "PipelineType": "none"
        },
        "Timing": {
          "Target": "10.00",
          "Uncertainty": "1.25",
          "Estimate": "5.702"
        },
        "Loops": [{
            "Name": "Loop 1",
            "TripCount": "128",
            "Latency": "896",
            "PipelineII": "",
            "PipelineDepth": "7"
          }],
        "Area": {
          "DSP48E": "3",
          "FF": "271",
          "LUT": "402",
          "BRAM_18K": "0"
        }
      },
      "infer": {
        "Latency": {
          "LatencyBest": "27698358",
          "LatencyAvg": "27820214",
          "LatencyWorst": "28114102",
          "PipelineIIMin": "27698358",
          "PipelineIIMax": "28114102",
          "PipelineII": "27698358 ~ 28114102",
          "PipelineDepth": "",
          "PipelineType": "none"
        },
        "Timing": {
          "Target": "10.00",
          "Uncertainty": "1.25",
          "Estimate": "9.514"
        },
        "Loops": [
          {
            "Name": "memset_gate0_f",
            "TripCount": "128",
            "Latency": "127",
            "PipelineII": "",
            "PipelineDepth": "1"
          },
          {
            "Name": "memset_gate0_i",
            "TripCount": "128",
            "Latency": "127",
            "PipelineII": "",
            "PipelineDepth": "1"
          },
          {
            "Name": "memset_stat0_C",
            "TripCount": "128",
            "Latency": "127",
            "PipelineII": "",
            "PipelineDepth": "1"
          },
          {
            "Name": "memset_C0_t",
            "TripCount": "128",
            "Latency": "127",
            "PipelineII": "",
            "PipelineDepth": "1"
          },
          {
            "Name": "memset_gate0_o",
            "TripCount": "128",
            "Latency": "127",
            "PipelineII": "",
            "PipelineDepth": "1"
          },
          {
            "Name": "memset_h0_t",
            "TripCount": "128",
            "Latency": "127",
            "PipelineII": "",
            "PipelineDepth": "1"
          },
          {
            "Name": "Loop 7",
            "TripCount": "28",
            "LatencyMin": "27682116",
            "LatencyMax": "28097860",
            "Latency": "27682116 ~ 28097860",
            "PipelineII": "",
            "PipelineDepthMin": "988647",
            "PipelineDepthMax": "1003495",
            "PipelineDepth": "988647 ~ 1003495",
            "Loops": [
              {
                "Name": "Loop 7.1",
                "TripCount": "28",
                "Latency": "56",
                "PipelineII": "",
                "PipelineDepth": "2"
              },
              {
                "Name": "Loop 7.2",
                "TripCount": "128",
                "Latency": "256",
                "PipelineII": "",
                "PipelineDepth": "2"
              },
              {
                "Name": "Loop 7.3",
                "TripCount": "128",
                "Latency": "239872",
                "PipelineII": "",
                "PipelineDepth": "1874",
                "Loops": [{
                    "Name": "Loop 7.3.1",
                    "TripCount": "156",
                    "Latency": "1872",
                    "PipelineII": "",
                    "PipelineDepth": "12"
                  }]
              },
              {
                "Name": "Loop 7.4",
                "TripCount": "128",
                "Latency": "239872",
                "PipelineII": "",
                "PipelineDepth": "1874",
                "Loops": [{
                    "Name": "Loop 7.4.1",
                    "TripCount": "156",
                    "Latency": "1872",
                    "PipelineII": "",
                    "PipelineDepth": "12"
                  }]
              },
              {
                "Name": "Loop 7.5",
                "TripCount": "128",
                "Latency": "239872",
                "PipelineII": "",
                "PipelineDepth": "1874",
                "Loops": [{
                    "Name": "Loop 7.5.1",
                    "TripCount": "156",
                    "Latency": "1872",
                    "PipelineII": "",
                    "PipelineDepth": "12"
                  }]
              },
              {
                "Name": "Loop 7.6",
                "TripCount": "128",
                "LatencyMin": "640",
                "LatencyMax": "8064",
                "Latency": "640 ~ 8064",
                "PipelineII": "",
                "PipelineDepthMin": "5",
                "PipelineDepthMax": "63",
                "PipelineDepth": "5 ~ 63"
              },
              {
                "Name": "Loop 7.7",
                "TripCount": "128",
                "Latency": "239872",
                "PipelineII": "",
                "PipelineDepth": "1874",
                "Loops": [{
                    "Name": "Loop 7.7.1",
                    "TripCount": "156",
                    "Latency": "1872",
                    "PipelineII": "",
                    "PipelineDepth": "12"
                  }]
              },
              {
                "Name": "Loop 7.8",
                "TripCount": "128",
                "LatencyMin": "640",
                "LatencyMax": "8064",
                "Latency": "640 ~ 8064",
                "PipelineII": "",
                "PipelineDepthMin": "5",
                "PipelineDepthMax": "63",
                "PipelineDepth": "5 ~ 63"
              }
            ]
          },
          {
            "Name": "Loop 8",
            "TripCount": "10",
            "Latency": "10",
            "PipelineII": "",
            "PipelineDepth": "1"
          },
          {
            "Name": "Loop 9",
            "TripCount": "10",
            "Latency": "15380",
            "PipelineII": "",
            "PipelineDepth": "1538",
            "Loops": [{
                "Name": "Loop 9.1",
                "TripCount": "128",
                "Latency": "1536",
                "PipelineII": "",
                "PipelineDepth": "12"
              }]
          },
          {
            "Name": "Loop 10",
            "TripCount": "10",
            "Latency": "80",
            "PipelineII": "",
            "PipelineDepth": "8"
          }
        ],
        "Area": {
          "BRAM_18K": "283",
          "DSP48E": "57",
          "FF": "11973",
          "LUT": "18211"
        }
      },
      "mnist_lstm": {
        "Latency": {
          "LatencyBest": "27711709",
          "LatencyAvg": "27833565",
          "LatencyWorst": "28127453",
          "PipelineIIMin": "27711709",
          "PipelineIIMax": "28127453",
          "PipelineII": "27711709 ~ 28127453",
          "PipelineDepth": "",
          "PipelineType": "none"
        },
        "Timing": {
          "Target": "10.00",
          "Uncertainty": "1.25",
          "Estimate": "9.514"
        },
        "Loops": [
          {
            "Name": "Loop 1",
            "TripCount": "784",
            "Latency": "13328",
            "PipelineII": "",
            "PipelineDepth": "17"
          },
          {
            "Name": "Loop 2",
            "TripCount": "10",
            "Latency": "20",
            "PipelineII": "",
            "PipelineDepth": "2"
          }
        ],
        "Area": {
          "BRAM_18K": "285",
          "DSP48E": "57",
          "FF": "12881",
          "LUT": "19480"
        }
      },
      "LSTM_Top": {
        "Latency": {
          "LatencyBest": "27711712",
          "LatencyAvg": "27833568",
          "LatencyWorst": "28127456",
          "PipelineIIMin": "27711713",
          "PipelineIIMax": "28127457",
          "PipelineII": "27711713 ~ 28127457",
          "PipelineDepth": "",
          "PipelineType": "none"
        },
        "Timing": {
          "Target": "10.00",
          "Uncertainty": "1.25",
          "Estimate": "9.514"
        },
        "Area": {
          "BRAM_18K": "285",
          "DSP48E": "57",
          "FF": "13118",
          "LUT": "20078"
        }
      }
    }
  },
  "Sdx": {
    "Target": "none",
    "ProfileOption": "0",
    "ProfileType": "none",
    "XO": "",
    "KernelName": "LSTM_Top",
    "EnableXoSwEmu": "1"
  },
  "GenData": {
    "DataVersion": "0.1",
    "Time": "2020-12-06 09:53:23 +0800",
    "ToolName": "vivado_hls",
    "ToolVersion": "2018.3"
  }
}
